date,product,region,channel,quantity,price,revenue
2023-01-01,스마트폰,울산,오프라인,5,1440752.997955847,10295303.195887139
2023-01-01,태블릿,부산,오프라인,4,506660.97447585023,2893309.624144599
2023-01-01,태블릿,대전,온라인,10,549379.4902855286,6743978.439328592
2023-01-01,노트북,울산,온라인,2,960044.7592725257,2411905.2567380224
2023-01-01,이어폰,울산,오프라인,5,1616465.495391315,9935010.851792594
2023-01-01,이어폰,울산,온라인,7,868249.0423407224,9047040.748456083
2023-01-01,이어폰,세종,모바일앱,5,177478.07399869012,1116942.4548700266
2023-01-01,스마트폰,광주,오프라인,7,1102537.8613204667,10520031.361023938
2023-01-01,이어폰,대전,온라인,5,1137497.217371074,7682876.121838609
2023-01-01,이어폰,세종,온라인,4,763781.520649676,3696049.0819959827
2023-01-02,스마트워치,대구,온라인,9,524244.3896039264,6594145.242392206
2023-01-02,노트북,울산,모바일앱,2,537689.2284965303,1350580.3248824985
2023-01-02,태블릿,세종,오프라인,7,779938.765450274,8132230.585814804
2023-01-02,노트북,부산,온라인,5,693434.3902020708,5117982.935793161
2023-01-02,태블릿,울산,모바일앱,2,796579.143334323,2266614.5862220055
2023-01-02,태블릿,인천,온라인,3,362324.43707519147,1612301.2450459588
2023-01-02,노트북,세종,오프라인,5,245944.6223748688,1620980.898578818
2023-01-02,스마트폰,울산,온라인,2,1811240.055397732,4466313.778916651
2023-01-02,스마트폰,인천,오프라인,7,953282.4115807181,8745219.463453026
2023-01-02,노트북,울산,오프라인,2,529601.9936359592,1578736.2449898855
2023-01-03,스마트워치,대구,모바일앱,8,146896.93372011365,1464616.8291223971
2023-01-03,노트북,대구,모바일앱,10,1473048.8890735086,19580295.948049497
2023-01-03,이어폰,인천,온라인,8,1126540.835023542,13388210.913127236
2023-01-03,스마트워치,대전,온라인,8,1292436.0820225594,15158428.343446065
2023-01-03,노트북,서울,온라인,4,1462474.5760020907,7125234.105257425
2023-01-03,스마트워치,대전,모바일앱,1,440567.7107865772,654099.1971178264
2023-01-03,스마트워치,울산,온라인,3,222811.07102699336,852956.4977903118
2023-01-03,이어폰,광주,오프라인,3,1637372.5211334534,6056392.074834833
2023-01-03,태블릿,광주,모바일앱,8,1625617.9676502482,15653868.388173543
2023-01-03,노트북,세종,온라인,6,963903.1453429102,8272385.744868418
2023-01-04,스마트워치,대전,모바일앱,3,802169.7511967242,3478444.124970948
2023-01-04,이어폰,서울,온라인,3,711792.4492975912,2849353.477209262
2023-01-04,이어폰,대전,온라인,9,545576.3994102809,6177411.985506996
2023-01-04,태블릿,대전,온라인,4,1001931.8998208091,5082125.930416152
2023-01-04,노트북,광주,오프라인,2,624417.7637552036,1712487.2630125561
2023-01-04,스마트폰,광주,온라인,3,1373279.8647527718,5840451.976976495
2023-01-04,스마트워치,서울,모바일앱,1,205393.01647204033,306545.2956133664
2023-01-04,스마트워치,울산,온라인,9,1058423.182383612,12976962.481749957
2023-01-04,이어폰,세종,온라인,4,538533.9528565381,2868106.6258598086
2023-01-04,이어폰,광주,오프라인,4,1483440.0217256516,7926414.895263359
2023-01-05,노트북,서울,오프라인,7,1020646.6849019042,10468815.519504488
2023-01-05,스마트폰,인천,모바일앱,7,205941.17749543642,1991791.4583205434
2023-01-05,스마트워치,인천,오프라인,7,1217699.3782625194,11722523.914964002
2023-01-05,스마트워치,인천,온라인,5,1810307.3028403122,12585081.23114394
2023-01-05,이어폰,대구,온라인,6,402591.9609196553,3166520.2653702945
2023-01-05,스마트폰,광주,온라인,6,514084.4077168971,4084393.207631049
2023-01-05,스마트폰,인천,온라인,6,908874.2042780622,7166094.008739133
2023-01-05,스마트폰,대전,모바일앱,4,662439.7161657077,3394770.0563326823
2023-01-05,스마트폰,인천,온라인,3,1915938.0975238332,7242289.760593409
2023-01-05,스마트워치,서울,모바일앱,1,1804992.5724922423,2213276.637461978
2023-01-06,스마트폰,대전,오프라인,1,748128.7343799461,1082902.9061524393
2023-01-06,노트북,세종,오프라인,9,135797.79035334103,1780524.2806660132
2023-01-06,이어폰,세종,온라인,10,833920.4333543126,10047618.824296337
2023-01-06,이어폰,부산,모바일앱,3,127946.46601765843,463245.6227774243
2023-01-06,노트북,부산,모바일앱,6,1453805.784987266,12569437.546920614
2023-01-06,스마트워치,울산,온라인,7,136610.94405594317,1404925.4095923644
2023-01-06,태블릿,대전,오프라인,8,1836186.0858745151,20962401.449862994
2023-01-06,노트북,인천,오프라인,8,179033.60211648222,1813935.2228043582
2023-01-06,스마트폰,광주,온라인,6,318821.03049304255,2339452.635311437
2023-01-06,스마트워치,인천,온라인,9,1293057.5375374903,15554853.731536565
2023-01-07,이어폰,광주,온라인,5,435183.91535380395,3169339.6142994566
2023-01-07,태블릿,울산,모바일앱,2,1056446.186404912,3133052.52049341
2023-01-07,스마트워치,울산,모바일앱,10,1587165.6860086222,19366576.229660492
2023-01-07,이어폰,대구,온라인,8,729678.1449643511,8496322.86385796
2023-01-07,노트북,광주,온라인,7,1435125.305863003,12106435.341610512
2023-01-07,이어폰,서울,모바일앱,7,923197.7028318234,7834796.29084507
2023-01-07,이어폰,인천,모바일앱,1,240999.21743503964,339356.64118943486
2023-01-07,스마트워치,울산,온라인,3,1041471.61179807,4390360.957874674
2023-01-07,스마트폰,인천,모바일앱,3,220894.65253584238,928425.1715129479
2023-01-07,태블릿,울산,모바일앱,4,1534996.5900716095,8482449.866648732
2023-01-08,노트북,대구,온라인,2,1763918.2334567197,4312226.350563478
2023-01-08,태블릿,울산,온라인,2,1448662.0473306833,4246502.477007228
2023-01-08,스마트워치,광주,온라인,1,218481.46377453534,300390.7531427039
2023-01-08,노트북,대전,온라인,7,596328.7831415164,5084243.059807087
2023-01-08,스마트폰,광주,온라인,6,314057.92722646636,2596493.6582406196
2023-01-08,스마트워치,서울,오프라인,9,1797861.3900016355,23643393.12328139
2023-01-08,태블릿,광주,모바일앱,9,1390070.7989519492,18327830.217823017
2023-01-08,스마트폰,대구,온라인,8,724967.2745652248,7565499.939693569
2023-01-08,태블릿,광주,모바일앱,6,1349168.1203009628,12073440.657348646
2023-01-08,스마트워치,울산,모바일앱,8,615979.4030766736,5927216.909138769
2023-01-09,스마트폰,인천,오프라인,4,495461.9363725052,2850351.6995248054
2023-01-09,이어폰,인천,오프라인,10,937061.2329441496,11434138.128305329
2023-01-09,스마트폰,대구,모바일앱,4,1302994.7481698643,6934420.389044831
2023-01-09,태블릿,세종,온라인,10,951986.2384808658,13425602.561457321
2023-01-09,노트북,부산,온라인,2,339060.269576678,982725.8149943657
2023-01-09,스마트워치,울산,오프라인,6,1787555.8400956078,13524208.063196037
2023-01-09,태블릿,대전,모바일앱,9,1885770.9964556897,22412755.225316964
2023-01-09,노트북,부산,오프라인,10,185716.03357097856,2664386.9867086373
2023-01-09,이어폰,부산,온라인,7,1605358.3962190014,14226546.456391638
2023-01-09,태블릿,울산,모바일앱,5,991583.038876775,6234447.034417895
2023-01-10,스마트워치,대전,오프라인,9,241175.59357006187,2828805.759831483
2023-01-10,스마트폰,울산,모바일앱,3,856000.0915664877,3109214.709448928
2023-01-10,이어폰,서울,오프라인,1,1017651.6005030525,1396857.2501043684
2023-01-10,노트북,부산,모바일앱,8,141992.3274730382,1408657.519677656
2023-01-10,노트북,광주,오프라인,3,165174.9057535398,697975.7036881889
2023-01-10,스마트워치,대전,모바일앱,1,1600183.741595965,2173956.569724936
2023-01-10,이어폰,대구,온라인,6,111143.80411475693,912427.806765582
2023-01-10,스마트폰,울산,오프라인,9,348674.31340616744,4491886.384448202
2023-01-10,스마트폰,부산,모바일앱,1,616509.8226287514,750617.3866934003
2023-01-10,태블릿,대구,오프라인,4,919221.7361112398,5214813.194867411
2023-01-11,노트북,세종,모바일앱,6,694084.3017339949,5876373.000295928
2023-01-11,이어폰,인천,온라인,9,196807.09866017554,2150970.571190802
2023-01-11,스마트폰,서울,오프라인,3,1340304.5598033657,5035734.602653029
2023-01-11,스마트폰,대구,온라인,1,1233514.3746317355,1750222.5721641264
2023-01-11,노트북,대구,오프라인,9,872270.8548765301,9724089.893215735
2023-01-11,노트북,대전,오프라인,2,1150336.867747614,3023433.7921249336
2023-01-11,스마트폰,서울,온라인,4,204004.60525735593,1219560.6601150618
2023-01-11,노트북,세종,오프라인,6,1228084.9179759815,10031323.014451573
2023-01-11,태블릿,부산,온라인,6,1637004.051230593,13708701.736155575
2023-01-11,태블릿,세종,모바일앱,10,1154056.2644639888,15447391.274034707
2023-01-12,태블릿,인천,온라인,4,1128147.4185800133,6685625.880187823
2023-01-12,스마트폰,대전,모바일앱,2,1834847.3752405604,4863722.771345137
2023-01-12,스마트워치,대전,오프라인,1,1197858.0094368123,1607893.7331112481
2023-01-12,스마트폰,대전,모바일앱,5,1093040.6439160886,8030607.141208864
2023-01-12,스마트워치,세종,모바일앱,8,1029212.7791870417,12150650.637563093
2023-01-12,이어폰,인천,온라인,4,304296.32304295496,1603858.001037932
2023-01-12,스마트폰,대구,오프라인,1,1079708.6138624405,1557476.896742818
2023-01-12,스마트워치,대전,오프라인,7,300817.1566687926,3068870.392004046
2023-01-12,태블릿,서울,온라인,7,1363997.9530032345,12731745.403311886
2023-01-12,태블릿,대구,오프라인,10,1332812.873050917,18935874.97505111
2023-01-13,이어폰,대구,온라인,6,1340156.2100197906,11608482.238793094
2023-01-13,스마트워치,인천,모바일앱,6,501774.8376836759,4407559.300460039
2023-01-13,노트북,울산,모바일앱,8,1793613.2407044019,19786328.73139356
2023-01-13,노트북,대전,온라인,7,493570.2861777847,4840638.681583525
2023-01-13,스마트워치,광주,오프라인,3,616096.228899285,2614044.17148415
2023-01-13,스마트워치,서울,오프라인,5,508957.17427078204,3441995.0088340333
2023-01-13,노트북,대구,오프라인,3,1783373.4382996229,7233793.1091481885
2023-01-13,스마트폰,광주,온라인,6,1606886.0435230816,11941358.305487929
2023-01-13,스마트폰,대구,모바일앱,3,776165.3505630145,3047307.4351966134
2023-01-13,이어폰,서울,온라인,1,1356697.0481281523,1864730.2016309765
2023-01-14,태블릿,대전,모바일앱,1,546147.4226720806,702591.0520165269
2023-01-14,스마트워치,울산,온라인,2,1596491.7917419188,4176878.2667806894
2023-01-14,스마트폰,대전,온라인,6,250821.36416328285,1826759.637821132
2023-01-14,이어폰,광주,모바일앱,4,731969.7268674448,3963031.102881016
2023-01-14,태블릿,광주,온라인,6,703339.0890511235,5699833.15238422
2023-01-14,노트북,인천,오프라인,2,1024664.6039962646,2899982.7583878934
2023-01-14,이어폰,대전,오프라인,9,163615.53371795037,2067485.3150050894
2023-01-14,스마트워치,대전,오프라인,2,1452819.9047517404,3638928.281642426
2023-01-14,이어폰,부산,온라인,5,187064.24955870092,1156445.0696437329
2023-01-14,스마트폰,광주,오프라인,7,202725.835114084,1879147.5766355072
2023-01-15,스마트폰,광주,모바일앱,6,1773236.8827961548,14289970.91366928
2023-01-15,태블릿,인천,모바일앱,6,1631425.461510123,12964943.781754982
2023-01-15,태블릿,서울,온라인,10,1294769.2742756675,18820263.4196135
2023-01-15,스마트폰,세종,온라인,7,303703.25433531863,2896142.163349421
2023-01-15,이어폰,광주,온라인,7,1503599.640365412,13676624.703554535
2023-01-15,노트북,부산,오프라인,10,201490.35113968907,2698515.051364595
2023-01-15,스마트워치,인천,모바일앱,7,1132073.572185799,11757816.402580084
2023-01-15,노트북,울산,모바일앱,10,1455365.0807702611,18187294.159690432
2023-01-15,스마트폰,대구,모바일앱,1,1742549.29699945,2400645.492900432
2023-01-15,노트북,서울,오프라인,4,823195.0631102906,4289270.6912057055
2023-01-16,스마트워치,대구,오프라인,5,1028014.5645157826,7495490.826758535
2023-01-16,스마트워치,인천,오프라인,7,1086579.8496215944,9933211.027810695
2023-01-16,스마트워치,광주,온라인,7,1176404.0178959172,10476983.23268287
2023-01-16,스마트폰,세종,오프라인,7,1103460.2875025175,11383068.763573809
2023-01-16,스마트워치,대전,모바일앱,2,837325.7194830894,2065321.974017338
2023-01-16,노트북,대전,온라인,8,1484205.537487931,16932398.952061005
2023-01-16,태블릿,인천,모바일앱,4,946657.5207926045,5147602.492320345
2023-01-16,이어폰,세종,모바일앱,2,1203696.8116307284,3221572.692583857
2023-01-16,스마트워치,광주,모바일앱,9,975668.5660403445,12230405.697587455
2023-01-16,이어폰,세종,온라인,6,563862.2949053242,4640080.87138337
2023-01-17,스마트워치,광주,온라인,9,567874.6490190399,7572216.952516991
2023-01-17,이어폰,대전,모바일앱,1,1914676.3334911047,2327579.7108712955
2023-01-17,스마트폰,인천,온라인,7,503394.7052407856,4983662.210190641
2023-01-17,스마트워치,인천,온라인,6,694712.8704531145,5626076.467758903
2023-01-17,이어폰,부산,오프라인,6,206236.0730901605,1757350.8304650479
2023-01-17,태블릿,부산,오프라인,2,435269.9888101066,1079866.9267330999
2023-01-17,태블릿,대전,모바일앱,1,1144350.9834086653,1404389.2775039945
2023-01-17,노트북,울산,오프라인,3,1385681.9933143896,5930989.951637571
2023-01-17,태블릿,세종,모바일앱,10,1414598.0240760513,17132207.120604
2023-01-17,스마트워치,대구,온라인,1,1157088.73108378,1398794.2594893165
2023-01-18,스마트폰,광주,모바일앱,2,1404931.0335648733,4159234.2369864346
2023-01-18,노트북,대구,오프라인,6,309603.97735939495,2783313.5378585844
2023-01-18,이어폰,광주,온라인,1,292029.5333098229,382881.42809925455
2023-01-18,스마트폰,대전,온라인,9,926099.9092880267,10096466.82855772
2023-01-18,노트북,대구,온라인,7,1251324.1017658783,12230052.68441003
2023-01-18,스마트워치,대전,온라인,9,1529606.989414748,20364859.2832379
2023-01-18,스마트워치,광주,모바일앱,10,636539.4496819467,8138253.74558855
2023-01-18,이어폰,서울,오프라인,4,1606577.6414916099,9649188.52386428
2023-01-18,스마트폰,울산,오프라인,5,502734.3962730498,3123773.652759199
2023-01-18,이어폰,부산,모바일앱,2,1411800.456935252,3931841.8062290647
2023-01-19,이어폰,서울,모바일앱,6,1970679.2762690773,16043445.03528793
2023-01-19,스마트폰,대전,모바일앱,4,1508950.449777319,7796463.249026134
2023-01-19,이어폰,울산,오프라인,3,1576001.5952929151,6334452.721533247
2023-01-19,노트북,서울,온라인,3,768892.883768238,2784539.880149429
2023-01-19,태블릿,인천,온라인,6,552028.1949552998,4141468.853733338
2023-01-19,태블릿,울산,모바일앱,9,1905655.1324233785,23942498.462162208
2023-01-19,이어폰,세종,모바일앱,1,406611.66337766376,605557.7387411876
2023-01-19,스마트워치,대전,오프라인,2,1351206.3183730647,3987052.489680589
2023-01-19,노트북,세종,온라인,2,1288669.659349994,3184302.430969067
2023-01-19,이어폰,대전,온라인,2,937489.4018279319,2372248.3910410646
2023-01-20,노트북,서울,모바일앱,5,634260.2165112112,4147047.748363656
2023-01-20,스마트폰,대전,오프라인,4,400071.3616134204,1998541.2513486082
2023-01-20,스마트워치,부산,온라인,5,161680.32154022306,995734.7138019857
2023-01-20,태블릿,부산,온라인,4,960141.3129210636,4761920.454078277
2023-01-20,스마트폰,광주,온라인,2,758692.4089185069,1953212.234142407
2023-01-20,이어폰,서울,오프라인,1,236121.8294361181,330928.73580942233
2023-01-20,노트북,부산,오프라인,2,604745.7884973173,1821745.2726741736
2023-01-20,노트북,서울,온라인,10,957956.6758979845,11822952.220403753
2023-01-20,노트북,서울,온라인,6,186919.7625435191,1554525.3466657752
2023-01-20,노트북,울산,모바일앱,9,1830337.876879716,20326015.02011932
2023-01-21,스마트워치,대구,모바일앱,6,955998.6515650601,7703306.982539557
2023-01-21,스마트워치,인천,오프라인,7,1350260.084889062,13873190.231055321
2023-01-21,태블릿,인천,오프라인,1,1647149.0740248717,2295644.0323782517
2023-01-21,스마트워치,대전,모바일앱,6,1931257.2570392012,15090089.04827038
2023-01-21,스마트폰,인천,오프라인,1,695790.98744946,906915.3618831151
2023-01-21,노트북,대전,온라인,10,988510.4409974719,14249367.811654963
2023-01-21,스마트폰,부산,모바일앱,9,1347313.4110990164,16615204.821126517
2023-01-21,태블릿,울산,모바일앱,9,268286.5781515951,3165478.7700606557
2023-01-21,노트북,부산,오프라인,3,289085.0373919376,1273638.3032523617
2023-01-21,스마트폰,대전,모바일앱,9,651227.169043457,8325098.845031305
2023-01-22,스마트워치,인천,온라인,10,353994.6499016098,5065644.564734401
2023-01-22,스마트폰,세종,온라인,6,1140609.1651728419,10092006.500600105
2023-01-22,태블릿,대전,오프라인,7,589471.728286763,5453793.978018903
2023-01-22,이어폰,대전,오프라인,3,654001.9507582597,2786749.6955088098
2023-01-22,노트북,광주,오프라인,10,710928.8289065104,9326302.079535842
2023-01-22,이어폰,대구,모바일앱,5,1698618.041595759,12251756.822701225
2023-01-22,이어폰,대전,온라인,5,1983117.668435719,13838856.304369172
2023-01-22,이어폰,울산,모바일앱,5,295112.9660267537,1933446.517355106
2023-01-22,스마트폰,서울,온라인,9,662360.5874160453,7882234.4717479255
2023-01-22,스마트폰,광주,오프라인,7,114354.94613959671,1115558.5883940673
2023-01-23,스마트폰,부산,모바일앱,4,1804423.7537314547,8888759.767534219
2023-01-23,스마트폰,서울,오프라인,2,757836.9785266196,2209513.9642298287
2023-01-23,이어폰,광주,온라인,6,1997898.3993201572,17435831.875255868
2023-01-23,이어폰,광주,온라인,5,1009555.5429949319,7352972.5127777485
2023-01-23,태블릿,울산,온라인,8,1983000.9957550499,19394140.95260013
2023-01-23,스마트워치,대구,온라인,5,1279208.9908963928,8524255.806687623
2023-01-23,노트북,대전,모바일앱,2,1675853.1058359807,4722429.616348329
2023-01-23,노트북,부산,모바일앱,3,788044.291798209,3278309.272774171
2023-01-23,이어폰,대구,모바일앱,2,336508.0023756723,826449.2330484459
2023-01-23,노트북,서울,모바일앱,5,1982108.1126176484,13086906.610450458
2023-01-24,노트북,광주,온라인,3,1406133.5457993527,6080595.943076101
2023-01-24,태블릿,광주,오프라인,4,1660891.0170914228,9007577.16183022
2023-01-24,스마트워치,서울,오프라인,6,1978703.698798586,15079577.036796324
2023-01-24,태블릿,대전,오프라인,9,1173554.1314425578,13886487.844719164
2023-01-24,스마트워치,광주,모바일앱,8,101009.85329399853,1080422.661754604
2023-01-24,이어폰,세종,모바일앱,2,130279.19327606144,317540.91866737866
2023-01-24,스마트워치,대구,온라인,2,1568067.3216213929,4222890.325611537
2023-01-24,태블릿,서울,모바일앱,8,1332939.2063277757,15723342.022224832
2023-01-24,스마트워치,인천,모바일앱,3,879178.0120326183,3822386.105808962
2023-01-24,스마트폰,서울,오프라인,9,440164.6761753891,5076628.841004225
2023-01-25,태블릿,대전,오프라인,6,1161171.079362991,9029194.660694534
2023-01-25,스마트워치,울산,모바일앱,1,1408347.2267001735,1832984.5432517503
2023-01-25,노트북,인천,모바일앱,8,1345111.915184385,13579568.940102462
2023-01-25,이어폰,대전,모바일앱,9,815191.0228924068,10739281.205603069
2023-01-25,노트북,대전,온라인,9,476955.6424558099,5504417.003417432
2023-01-25,스마트워치,서울,오프라인,7,777990.3071843806,7802409.324664666
2023-01-25,태블릿,부산,온라인,1,728154.552023272,911282.5964960258
2023-01-25,이어폰,인천,모바일앱,4,956056.7717816446,4935520.192995055
2023-01-25,스마트워치,서울,온라인,3,1112567.1419552402,4908908.82880828
2023-01-25,태블릿,울산,모바일앱,10,654683.9862300134,8897092.890208516
2023-01-26,스마트워치,서울,모바일앱,3,750135.3514751045,3006354.945698947
2023-01-26,스마트워치,서울,모바일앱,7,1361342.3593816168,12301162.084006913
2023-01-26,노트북,서울,모바일앱,3,215443.97516525583,969147.9371451527
2023-01-26,태블릿,대구,모바일앱,4,1816855.5678711163,9593177.657866707
2023-01-26,이어폰,대구,온라인,1,1621166.680647423,2114194.361592513
2023-01-26,스마트폰,울산,오프라인,5,1964364.419429743,11914456.766983448
2023-01-26,스마트폰,부산,온라인,9,398416.8796287914,5204085.077133631
2023-01-26,스마트폰,대전,모바일앱,3,776537.1622398141,3108963.5951469
2023-01-26,스마트워치,세종,오프라인,1,1461513.4612940042,2087451.4515791896
2023-01-26,스마트워치,서울,모바일앱,7,558770.0493509703,5565410.683298565
2023-01-27,태블릿,대전,온라인,3,1173524.9131961947,4477177.05585451
2023-01-27,태블릿,인천,온라인,9,1373138.6281071831,16101236.229627179
2023-01-27,이어폰,울산,온라인,5,155617.0043739687,964677.749249104
2023-01-27,스마트폰,세종,모바일앱,7,1193102.202754365,11772740.822047504
2023-01-27,스마트폰,부산,오프라인,2,801695.7297205534,2120641.1756166876
2023-01-27,노트북,대구,오프라인,1,1914559.1966478105,2594521.214724157
2023-01-27,태블릿,서울,오프라인,8,1363812.2902542832,16251908.316740707
2023-01-27,스마트폰,대전,오프라인,8,756590.359133156,7526783.286192324
2023-01-27,이어폰,부산,모바일앱,7,1095277.933513911,9400415.337434473
2023-01-27,노트북,대구,온라인,1,349824.6343307134,452719.8346631183
2023-01-28,이어폰,서울,오프라인,3,1691603.6303475767,6403636.88686408
2023-01-28,태블릿,대구,모바일앱,5,1349189.3786300283,9474972.718578188
2023-01-28,노트북,대구,오프라인,1,1513401.9044559833,2227976.1577212433
2023-01-28,노트북,광주,온라인,1,1270499.398245993,1685093.1245156561
2023-01-28,노트북,세종,모바일앱,9,1491297.5397318148,18002059.40539348
2023-01-28,노트북,대구,오프라인,8,1857990.1575293222,20275633.265294097
2023-01-28,스마트워치,부산,모바일앱,7,1491544.750244588,13871817.703066278
2023-01-28,이어폰,인천,모바일앱,7,1614012.7341117652,14986031.8147112
2023-01-28,스마트워치,대구,오프라인,10,1537469.2040476303,22597887.82612645
2023-01-28,스마트워치,부산,오프라인,8,340075.2692351793,3635726.448209917
2023-01-29,태블릿,대구,온라인,5,763826.8170526852,5597465.772544522
2023-01-29,스마트워치,대전,온라인,8,1914117.206867147,21532815.653345693
2023-01-29,노트북,대구,온라인,6,1236361.551301267,9325220.973286154
2023-01-29,노트북,부산,온라인,7,252841.1009486609,2482419.161044936
2023-01-29,노트북,인천,오프라인,5,1658060.0321330847,10339801.833076483
2023-01-29,스마트워치,인천,오프라인,2,274944.31402202335,718252.2767308608
2023-01-29,스마트워치,대구,온라인,10,1374627.2816528108,16637903.732238945
2023-01-29,태블릿,울산,온라인,3,1927925.9974345057,8476403.538130853
2023-01-29,이어폰,서울,온라인,4,245934.32257409187,1386612.3592539434
2023-01-29,이어폰,서울,모바일앱,9,1870550.9642841162,22431629.683830827
2023-01-30,노트북,세종,온라인,7,1200250.2108866372,10245467.04579516
2023-01-30,노트북,광주,오프라인,2,1681566.6917799732,4133029.703522175
2023-01-30,이어폰,인천,모바일앱,3,147118.2537168205,581011.9442947218
2023-01-30,이어폰,인천,온라인,2,1238480.3497606774,3117165.7290664883
2023-01-30,스마트워치,울산,오프라인,5,287141.0655400603,2032762.0317865908
2023-01-30,스마트워치,광주,오프라인,6,1240874.9635258722,9443928.85648771
2023-01-30,스마트워치,광주,온라인,1,1554065.7930443978,1916125.2329142273
2023-01-30,스마트폰,광주,오프라인,9,237391.81513629245,2673049.5422963114
2023-01-30,스마트폰,울산,오프라인,5,401520.4606753984,2894193.4553733896
2023-01-30,스마트폰,광주,오프라인,2,1846922.3696416295,5143580.3696319545
2023-01-31,스마트폰,서울,모바일앱,5,645326.0477169054,4793590.962823868
2023-01-31,노트북,대전,온라인,10,1895166.3227461092,26018469.97870292
2023-01-31,스마트폰,대구,온라인,3,1596007.445784866,7173973.8589899
2023-01-31,노트북,부산,모바일앱,2,231429.9672272695,647268.39003952
2023-01-31,스마트폰,인천,모바일앱,6,128638.85916130918,1049799.1426263375
2023-01-31,스마트폰,세종,오프라인,9,1812444.7637555865,21184480.79445995
2023-01-31,스마트워치,부산,오프라인,8,277317.94701356895,2718631.0529043386
2023-01-31,스마트워치,인천,오프라인,5,1828835.3642755556,13413598.011833956
2023-01-31,태블릿,광주,온라인,9,1012917.8502073879,12587014.521098206
2023-01-31,태블릿,부산,오프라인,5,879173.9363465721,5459487.908709964
2023-02-01,태블릿,광주,온라인,10,952321.2911820071,9604094.994084844
2023-02-01,스마트워치,부산,모바일앱,4,1411775.702733946,5695064.506042362
2023-02-01,이어폰,대구,온라인,3,1608616.4620659228,4866836.05221753
2023-02-01,태블릿,대전,모바일앱,6,1343706.477006639,8130712.671553048
2023-02-01,이어폰,광주,온라인,1,1529882.959602434,1542876.4861086465
2023-02-01,스마트폰,인천,오프라인,6,1514961.9711836998,9166972.628921423
2023-02-01,노트북,대구,오프라인,1,1431182.3916965814,1443337.639406881
2023-02-01,태블릿,울산,오프라인,8,189127.87350729923,1525873.3202857391
2023-02-01,스마트폰,광주,오프라인,3,909845.542293955,2752718.9927540123
2023-02-01,이어폰,부산,온라인,7,180064.18518414733,1271154.48209313
2023-02-02,이어폰,서울,오프라인,9,420481.1915531273,3817508.4179965844
2023-02-02,스마트폰,대구,오프라인,2,1100758.372511972,2220817.7137474413
2023-02-02,스마트폰,세종,오프라인,7,1315496.852397462,9289209.828408817
2023-02-02,스마트워치,부산,온라인,5,1427870.6603218932,7201944.892198918
2023-02-02,태블릿,부산,모바일앱,3,1226356.8298451921,3711325.3541013678
2023-02-02,이어폰,광주,오프라인,2,705320.6974950198,1423008.6620146097
2023-02-02,스마트폰,대구,온라인,4,273469.11693650513,1103466.6176002321
2023-02-02,노트북,인천,오프라인,8,785952.3511600597,6342743.138567319
2023-02-02,스마트워치,서울,온라인,9,1055019.9334198013,9578424.80922339
2023-02-02,태블릿,세종,모바일앱,6,484519.7457265077,2932605.5404356183
2023-02-03,스마트워치,세종,온라인,2,816152.34411277,1647062.5114341546
2023-02-03,태블릿,세종,온라인,3,1521843.139074647,4606806.8064755555
2023-02-03,스마트폰,대전,오프라인,9,700857.8203212235,6364749.087722629
2023-02-03,이어폰,울산,오프라인,6,1093148.9262087625,6618193.142838694
2023-02-03,스마트폰,광주,모바일앱,1,1913616.5505625193,1930917.7412936327
2023-02-03,노트북,서울,오프라인,1,1817911.7322619103,1834347.6465535935
2023-02-03,스마트폰,인천,모바일앱,4,1157253.9682906254,4670867.249549998
2023-02-03,스마트워치,울산,모바일앱,7,1582231.9107021664,11175759.14789385
2023-02-03,스마트워치,서울,온라인,1,1174540.777516841,1185159.9133135686
2023-02-03,노트북,대전,온라인,8,1834070.080463077,14805216.67144222
2023-02-04,스마트워치,광주,모바일앱,3,386922.3692889674,1171579.7329812788
2023-02-04,스마트폰,광주,오프라인,5,174848.32295598328,882385.235301154
2023-02-04,스마트워치,인천,오프라인,5,494698.7140497884,2496534.3322731787
2023-02-04,태블릿,대전,오프라인,4,594023.3834106221,2398227.0076545007
2023-02-04,스마트워치,대구,모바일앱,10,1767152.8103016415,17836139.59767465
2023-02-04,스마트폰,대구,모바일앱,7,1138324.9117641258,8042499.403992678
2023-02-04,스마트폰,광주,오프라인,2,1859084.8976703314,3752804.801653425
2023-02-04,스마트워치,서울,오프라인,1,1311215.9010859237,1323429.9670138473
2023-02-04,이어폰,대전,온라인,7,1595718.48770861,11274079.003021818
2023-02-04,노트북,세종,모바일앱,3,1737211.1642892703,5260180.215815072
2023-02-05,이어폰,세종,모바일앱,10,337071.8950775019,3403040.913316697
2023-02-05,노트북,세종,온라인,7,1358225.3766201187,9598746.18901807
2023-02-05,태블릿,서울,온라인,3,1636310.080468811,4956002.175228138
2023-02-05,스마트워치,세종,온라인,9,1101021.06862604,10004209.244104825
2023-02-05,스마트폰,부산,모바일앱,3,1099145.448950929,3329055.599493841
2023-02-05,태블릿,광주,오프라인,5,1392762.8225557143,7030590.412490146
2023-02-05,스마트폰,대전,모바일앱,6,546159.2783841445,3308378.5328968316
2023-02-05,스마트워치,광주,모바일앱,4,1082350.611992307,4370917.265963453
2023-02-05,노트북,울산,오프라인,4,1306294.2882907921,5275281.591618157
2023-02-05,노트북,대전,온라인,4,392930.98393624235,1586795.2611562223
2023-02-06,이어폰,세종,오프라인,3,1432620.147103549,4340250.297718095
2023-02-06,스마트워치,대구,온라인,10,975893.4873982318,9855187.382328445
2023-02-06,스마트워치,대전,온라인,6,1515474.4646956564,9182529.660605242
2023-02-06,태블릿,광주,모바일앱,7,227201.22066947338,1606094.7659489734
2023-02-06,스마트폰,광주,온라인,8,522399.3850075906,4220414.538384612
2023-02-06,스마트워치,인천,온라인,4,1309957.1704380496,5291509.183818796
2023-02-06,스마트폰,울산,오프라인,5,124183.98402086564,627044.0617820695
2023-02-06,태블릿,대구,모바일앱,5,513368.07411987206,2592157.1523367786
2023-02-06,이어폰,대구,오프라인,6,1202460.6660548658,7285923.312457373
2023-02-06,이어폰,인천,온라인,10,1288545.5380015823,13012544.802942006
2023-02-07,노트북,광주,온라인,5,412170.81070243,2081744.9028217252
2023-02-07,스마트폰,세종,모바일앱,10,572228.4214219324,5780290.930911411
2023-02-07,노트북,대전,모바일앱,3,1193282.128234215,3616135.238465384
2023-02-07,이어폰,대전,온라인,4,1349910.086599235,5454376.426620689
2023-02-07,태블릿,대구,모바일앱,7,1703156.6908994492,12042950.968609283
2023-02-07,태블릿,대구,모바일앱,6,1884077.122132853,11419055.916663827
2023-02-07,이어폰,서울,오프라인,5,1618389.2314039427,8173974.104364845
2023-02-07,스마트워치,대구,모바일앱,9,1126072.3348969189,10237385.832571084
2023-02-07,스마트워치,인천,오프라인,3,1084529.8228469961,3286571.0604138696
2023-02-07,스마트워치,서울,모바일앱,9,1680119.0763181292,15274353.783414926
2023-02-08,노트북,인천,모바일앱,8,1706650.4093223782,13795346.212780124
2023-02-08,스마트워치,광주,오프라인,5,1925789.202119032,9729192.571801357
2023-02-08,노트북,인천,오프라인,1,1231666.9016207107,1244489.7351170362
2023-02-08,이어폰,인천,온라인,3,1822481.3956268665,5524365.5236207275
2023-02-08,스마트워치,울산,온라인,2,1053058.2708654022,2128043.2344940295
2023-02-08,태블릿,인천,오프라인,8,125488.02658585893,1014355.818188817
2023-02-08,스마트폰,울산,모바일앱,8,1265554.2036856748,10229838.691929357
2023-02-08,스마트폰,서울,모바일앱,3,601868.99189239,1824405.0756979187
2023-02-08,스마트폰,인천,온라인,5,1784717.7696148276,9016491.96484861
2023-02-08,스마트폰,서울,온라인,3,1047684.7003727222,3175776.3081983016
2023-02-09,노트북,서울,온라인,5,552446.9178561472,2791748.8766730507
2023-02-09,스마트워치,광주,오프라인,1,843910.9015732264,852928.0317544198
2023-02-09,이어폰,울산,오프라인,3,824127.0682665091,2498798.428631632
2023-02-09,태블릿,부산,모바일앱,2,449826.8208017829,909266.3791439874
2023-02-09,태블릿,부산,오프라인,10,992957.6414545064,10035673.258426506
2023-02-09,태블릿,세종,모바일앱,6,1629096.3269365388,9879018.657647492
2023-02-09,태블릿,대구,오프라인,1,1615365.6284446204,1632625.6995430698
2023-02-09,스마트워치,부산,오프라인,1,479952.74339302967,485081.00558270863
2023-02-09,스마트폰,세종,모바일앱,7,1035845.9248574598,7328397.073313476
2023-02-09,태블릿,서울,온라인,4,848987.6719616278,3432236.188346789
2023-02-10,태블릿,울산,오프라인,8,1534843.4182077595,12413308.960409056
2023-02-10,노트북,울산,오프라인,10,756440.2061694373,7647299.618534858
2023-02-10,스마트워치,대전,온라인,3,1450231.2480568807,4398372.579723196
2023-02-10,이어폰,대구,모바일앱,10,1363405.9805820386,13783474.159856774
2023-02-10,노트북,대전,온라인,9,1332240.820435527,12121566.478538042
2023-02-10,이어폰,광주,오프라인,10,1326370.7596813133,13409063.296504235
2023-02-10,이어폰,광주,온라인,10,1784858.3130781045,18044184.041803304
2023-02-10,스마트폰,대전,오프라인,8,1960907.3346657173,15859173.84091287
2023-02-10,스마트워치,광주,온라인,9,691969.1150503523,6295971.044060877
2023-02-10,노트북,대전,모바일앱,8,1816563.5957510828,14691769.136047112
2023-02-11,이어폰,서울,온라인,9,1657271.6174687692,15082987.90703974
2023-02-11,스마트워치,대구,오프라인,6,533375.5998098848,3236201.652983482
2023-02-11,노트북,부산,온라인,10,227894.7289998817,2304546.42394127
2023-02-11,스마트폰,세종,모바일앱,9,118907.7767254907,1082191.0780942673
2023-02-11,노트북,인천,모바일앱,7,1453805.04738835,10290948.221745972
2023-02-11,노트북,부산,온라인,4,1656992.8172428585,6702422.453088648
2023-02-11,스마트폰,광주,온라인,4,1800304.8159692273,7282109.672046486
2023-02-11,스마트워치,광주,모바일앱,8,1516390.8190729155,12267394.001530152
2023-02-11,노트북,대전,모바일앱,4,543313.5387278678,2197666.050898148
2023-02-11,스마트폰,서울,모바일앱,9,1286231.1320702238,11706112.870202951
2023-02-12,노트북,대구,온라인,4,1462572.930499316,5917610.147291479
2023-02-12,스마트워치,대전,모바일앱,9,677373.4881139548,6166511.304945339
2023-02-12,노트북,대전,온라인,5,1066711.0502136296,5394927.667655782
2023-02-12,태블릿,울산,온라인,8,1496341.986709261,12108481.347793078
2023-02-12,노트북,울산,모바일앱,1,1914462.925100258,1936492.361498672
2023-02-12,스마트폰,세종,모바일앱,2,879421.1837302021,1779081.1015517295
2023-02-12,스마트폰,광주,모바일앱,3,1523455.324994537,4622956.487572464
2023-02-12,스마트폰,세종,오프라인,6,1521574.7138364678,9234499.468741216
2023-02-12,노트북,광주,온라인,9,1990930.430209312,18124557.899998635
2023-02-12,스마트워치,광주,온라인,2,1187869.9601500402,2403077.2015747665
2023-02-13,스마트워치,울산,모바일앱,7,911492.9956431612,6455617.92612914
2023-02-13,이어폰,대전,오프라인,2,1125497.6986206735,2277513.973154053
2023-02-13,스마트폰,세종,오프라인,1,284032.07074118464,287378.2019855328
2023-02-13,이어폰,세종,오프라인,4,1379581.493247098,5583336.388560584
2023-02-13,태블릿,세종,모바일앱,5,309152.04495870916,1563970.5507294699
2023-02-13,스마트폰,광주,오프라인,2,1692684.415283678,3425251.257886369
2023-02-13,스마트폰,인천,모바일앱,2,774916.892783413,1568092.1013967912
2023-02-13,스마트워치,울산,온라인,9,1189239.6404756077,10829248.748078842
2023-02-13,스마트폰,인천,오프라인,2,1086654.1169319688,2198911.591139595
2023-02-13,스마트폰,광주,모바일앱,2,900275.7854095178,1821763.5482286843
2023-02-14,스마트워치,부산,오프라인,2,1898510.2400912642,3842792.7818614417
2023-02-14,스마트워치,서울,온라인,1,1216905.3348640166,1231574.878626761
2023-02-14,노트북,부산,온라인,1,1325864.641318562,1341847.6671317173
2023-02-14,이어폰,인천,온라인,4,822163.8113910145,3328299.308798255
2023-02-14,태블릿,울산,모바일앱,9,542828.9566890434,4944353.833995599
2023-02-14,스마트폰,대구,오프라인,9,128525.49063817282,1170673.5511662175
2023-02-14,노트북,세종,모바일앱,7,1148077.2773853592,8133419.791405649
2023-02-14,스마트폰,세종,온라인,6,662052.671803097,4020201.484340779
2023-02-14,스마트워치,인천,오프라인,6,834942.838733,5070047.418541976
2023-02-14,스마트폰,대구,모바일앱,10,340578.9377240592,3446845.4683634927
2023-02-15,스마트폰,서울,오프라인,5,543385.1104854143,2750421.894854254
2023-02-15,태블릿,울산,모바일앱,1,841165.6580250479,851536.1935349457
2023-02-15,노트북,대구,모바일앱,5,587122.2441849462,2971803.688032022
2023-02-15,스마트워치,인천,온라인,7,874132.9898177984,6194369.8031883165
2023-02-15,스마트폰,대구,온라인,8,621432.1000717318,5032748.733731614
2023-02-15,노트북,부산,오프라인,1,1532065.8854238994,1550954.3689428242
2023-02-15,노트북,대전,모바일앱,4,1262458.3494746855,5112091.617872836
2023-02-15,태블릿,세종,오프라인,1,1206254.920716752,1221126.5567255886
2023-02-15,노트북,인천,온라인,5,1028552.7768635112,5206167.822617362
2023-02-15,이어폰,세종,온라인,9,741137.1622363427,6752470.227443719
2023-02-16,스마트폰,인천,온라인,3,1260529.5623173711,3829247.06492466
2023-02-16,스마트폰,울산,온라인,4,1290682.5387696328,5227794.699498699
2023-02-16,태블릿,울산,모바일앱,3,1546546.0655657938,4698110.349313294
2023-02-16,이어폰,서울,모바일앱,8,1312478.9030634968,10632157.864597663
2023-02-16,노트북,부산,오프라인,3,510015.85587066587,1549330.3588750528
2023-02-16,스마트워치,세종,모바일앱,1,941722.046406848,953590.3242519753
2023-02-16,스마트폰,부산,모바일앱,6,188962.79245970526,1148065.4481058696
2023-02-16,스마트워치,광주,오프라인,9,1021093.1533469895,9305655.521351852
2023-02-16,노트북,대구,오프라인,10,1126844.1740902904,11410454.979281407
2023-02-16,이어폰,서울,온라인,6,1982290.4301347695,12043636.322922917
2023-02-17,스마트워치,서울,온라인,10,1063806.9009414306,10775052.363782108
2023-02-17,태블릿,인천,온라인,3,549836.8192404867,1670750.7293688324
2023-02-17,스마트폰,세종,오프라인,6,711108.8591400599,4321593.6201218655
2023-02-17,노트북,서울,오프라인,1,467039.50777077745,473053.4411585108
2023-02-17,태블릿,대전,온라인,6,1374474.7345378872,8353040.701786141
2023-02-17,스마트워치,부산,오프라인,1,1613050.6945353453,1633821.484300595
2023-02-17,스마트폰,세종,모바일앱,6,148937.72277956776,905133.3059442115
2023-02-17,태블릿,광주,모바일앱,3,1191540.8510617432,3620651.939486519
2023-02-17,이어폰,인천,모바일앱,6,1132993.2218528332,6885494.697846451
2023-02-17,노트북,세종,온라인,1,1443862.3414229692,1462454.541435813
2023-02-18,노트북,인천,오프라인,1,1609222.1742522088,1630384.548050594
2023-02-18,스마트워치,서울,오프라인,6,858716.6465604466,5220056.151748819
2023-02-18,태블릿,인천,오프라인,4,244798.69822482648,992071.8751072967
2023-02-18,노트북,광주,모바일앱,8,592656.8237685596,4803605.3354435805
2023-02-18,태블릿,부산,온라인,3,1919375.9287701186,5833851.110623479
2023-02-18,스마트폰,대구,오프라인,5,722950.4071598258,3662288.5009274464
2023-02-18,태블릿,인천,오프라인,9,1267660.6164049185,11558980.995942054
2023-02-18,스마트폰,울산,온라인,10,762528.6314529991,7725564.052364905
2023-02-18,태블릿,서울,모바일앱,6,606036.2679703498,3684036.3599249646
2023-02-18,이어폰,광주,오프라인,5,567808.1586877216,2876376.124420814
2023-02-19,스마트워치,대구,모바일앱,5,935371.4163504657,4739642.286411469
2023-02-19,이어폰,대전,모바일앱,1,279941.01848069695,283699.13078358845
2023-02-19,이어폰,인천,오프라인,4,1289554.92902745,5227467.049284972
2023-02-19,스마트워치,인천,오프라인,10,824375.8750394805,8354428.388413804
2023-02-19,스마트워치,세종,오프라인,2,1669045.6314378744,3382903.994897916
2023-02-19,태블릿,인천,오프라인,8,1118111.947986105,9064977.743782142
2023-02-19,이어폰,대구,온라인,5,637869.2672930711,3232162.218790507
2023-02-19,스마트워치,부산,모바일앱,4,738498.1306302994,2993648.8604947696
2023-02-19,이어폰,대전,오프라인,10,205388.19203379125,2081454.5817342293
2023-02-19,스마트폰,대전,온라인,10,1734376.6334939175,17576600.458339725
2023-02-20,노트북,대전,오프라인,6,1455631.0525823398,8853427.223925464
2023-02-20,태블릿,서울,오프라인,5,390310.98331091134,1978288.5455484549
2023-02-20,노트북,인천,오프라인,10,1569067.6825410533,15905617.603840817
2023-02-20,스마트폰,서울,오프라인,1,497950.35665769415,504771.5944201283
2023-02-20,스마트워치,서울,오프라인,1,130529.84290813263,132317.92294797007
2023-02-20,노트북,광주,온라인,8,1757357.6855150172,14251448.627738222
2023-02-20,이어폰,인천,모바일앱,4,255318.99827432664,1035266.07519453
2023-02-20,태블릿,서울,오프라인,8,1021503.0341204503,8283969.810949406
2023-02-20,스마트워치,울산,모바일앱,1,1284167.9542639959,1301759.2961032288
2023-02-20,스마트워치,대전,모바일앱,3,277217.5338391381,843045.1029080639
2023-02-21,태블릿,울산,오프라인,5,157878.15280505276,800420.6075773975
2023-02-21,스마트워치,인천,모바일앱,3,509573.12183255685,1550079.5538922956
2023-02-21,스마트워치,부산,오프라인,9,130271.95146149416,1188829.7071865504
2023-02-21,이어폰,인천,오프라인,5,545875.9591688769,2767516.3354575527
2023-02-21,스마트워치,대전,온라인,4,803711.3141640888,3259765.012297307
2023-02-21,노트북,서울,온라인,2,1623239.1539737205,3291840.0596475285
2023-02-21,노트북,인천,온라인,10,1066443.217490444,10813442.049129132
2023-02-21,스마트폰,광주,온라인,1,509046.26798037824,516158.9692590082
2023-02-21,태블릿,부산,오프라인,7,1982418.6103967384,14070827.10672556
2023-02-21,스마트폰,대구,모바일앱,8,1513719.780426608,12278963.084622193
2023-02-22,태블릿,울산,모바일앱,7,1716051.1133594061,12183492.75386182
2023-02-22,스마트워치,울산,오프라인,10,1992499.0114885704,20208852.987755306
2023-02-22,스마트폰,서울,모바일앱,7,210135.47717215077,1491904.3165586616
2023-02-22,스마트워치,광주,오프라인,7,1314973.428465746,9335951.075414065
2023-02-22,노트북,광주,모바일앱,7,1769703.5302119819,12564410.21422282
2023-02-22,노트북,부산,온라인,7,1477650.5973294724,10490914.405259162
2023-02-22,태블릿,서울,오프라인,10,1174802.3061506639,11915392.157177417
2023-02-22,스마트폰,대전,온라인,9,1127045.1682017883,10287915.318944434
2023-02-22,이어폰,대전,오프라인,9,1857095.1763651867,16951971.804420628
2023-02-22,이어폰,부산,모바일앱,3,1919764.758976349,5841344.496764747
2023-02-23,노트북,대전,온라인,8,1224390.0067116243,9937350.564061688
2023-02-23,스마트워치,서울,온라인,9,1381181.8222385705,12611136.051984888
2023-02-23,스마트워치,대구,온라인,3,380137.07998061134,1156970.6360286607
2023-02-23,이어폰,대전,오프라인,8,258334.38453790126,2096684.330835832
2023-02-23,스마트워치,서울,온라인,5,1005728.7779939042,5101662.554673188
2023-02-23,태블릿,광주,온라인,7,1059382.3638625555,7523356.233885288
2023-02-23,태블릿,광주,오프라인,5,1975034.7522000868,10018566.695064276
2023-02-23,노트북,부산,오프라인,8,621387.6322814707,5043284.169508573
2023-02-23,노트북,대전,오프라인,9,163505.36765799078,1492915.9966953036
2023-02-23,태블릿,울산,온라인,2,1895097.6610603603,3845231.0350172683
2023-02-24,노트북,세종,오프라인,1,1680191.4140531942,1705049.0404528852
2023-02-24,스마트워치,대전,모바일앱,1,1470372.8665991772,1492126.3281872198
2023-02-24,노트북,인천,온라인,2,323302.7078640431,656171.6328374881
2023-02-24,스마트워치,부산,오프라인,8,1254023.0107732113,10180605.439789534
2023-02-24,스마트워치,광주,오프라인,5,337795.6233734535,1713965.7383222901
2023-02-24,이어폰,대구,오프라인,8,1178973.5968046768,9571327.567264708
2023-02-24,이어폰,대구,오프라인,10,732692.8879669716,7435327.279533323
2023-02-24,태블릿,인천,오프라인,5,822606.6173943359,4173883.4394912603
2023-02-24,이어폰,울산,모바일앱,8,359083.87799133535,2915170.814421712
2023-02-24,스마트워치,대구,모바일앱,10,887898.8642276848,9010349.022189984
2023-02-25,스마트폰,세종,오프라인,1,534803.7285941367,542862.4149154183
2023-02-25,스마트폰,인천,온라인,8,1118605.8305598786,9083692.278847892
2023-02-25,이어폰,대전,온라인,7,1285857.749066313,9136635.814256117
2023-02-25,노트북,세종,온라인,2,172436.97035471216,350070.67132285406
2023-02-25,이어폰,인천,오프라인,9,136299.8602952466,1245183.2442589034
2023-02-25,노트북,대구,모바일앱,7,1964212.1904391537,13956669.358640946
2023-02-25,이어폰,세종,오프라인,6,1037841.4382532426,6320880.869142353
2023-02-25,스마트폰,대구,오프라인,2,1334624.6587573753,2709470.8825731925
2023-02-25,태블릿,광주,오프라인,1,1182645.4724715387,1200466.1576731647
2023-02-25,태블릿,대구,오프라인,7,382456.42082406144,2717536.23947179
2023-02-26,스마트폰,대구,모바일앱,8,1422543.7113725618,11554952.31637636
2023-02-26,태블릿,서울,온라인,8,103978.78914302908,844592.6412363085
2023-02-26,노트북,서울,오프라인,2,154573.9410117918,313890.97281627415
2023-02-26,노트북,대구,오프라인,8,1690488.04077771,13731394.365199327
2023-02-26,스마트폰,대전,모바일앱,4,1091278.0451931143,4432083.764915816
2023-02-26,노트북,대구,온라인,10,1694995.885282395,17210013.016045358
2023-02-26,이어폰,부산,오프라인,9,823096.2796549884,7521521.455236297
2023-02-26,태블릿,울산,오프라인,4,1693199.519425288,6876709.500263142
2023-02-26,스마트워치,광주,모바일앱,3,1391243.4648206828,4237765.7101031095
2023-02-26,스마트폰,부산,온라인,1,1924947.420427976,1954480.8603030352
2023-02-27,태블릿,대전,오프라인,9,915720.270559976,8370185.037449994
2023-02-27,노트북,세종,모바일앱,4,1176313.7731473234,4778734.4186927425
2023-02-27,이어폰,인천,온라인,3,970991.0464984052,2958463.4049613047
2023-02-27,노트북,부산,오프라인,5,1845045.8315845712,9369294.380389048
2023-02-27,스마트워치,대구,오프라인,4,264130.41975546844,1073020.78469427
2023-02-27,스마트폰,대전,온라인,9,520036.3932925997,4753417.58614274
2023-02-27,태블릿,서울,오프라인,10,558217.7910904102,5669351.648142878
2023-02-27,태블릿,세종,오프라인,10,478751.9592589729,4862283.597186335
2023-02-27,노트북,서울,모바일앱,3,1082236.8547953223,3297412.619775008
2023-02-27,태블릿,서울,온라인,10,1404978.8496596513,14269196.15257076
2023-02-28,태블릿,세종,온라인,10,248695.30570694874,2526471.7631818247
2023-02-28,노트북,서울,모바일앱,5,616433.9290298639,3131146.587455802
2023-02-28,스마트폰,대구,모바일앱,1,1119497.231523138,1137286.5025993963
2023-02-28,노트북,서울,오프라인,3,1351709.7831575149,4119567.021327177
2023-02-28,이어폰,대구,온라인,5,783840.7363533714,3981481.4389017825
2023-02-28,노트북,울산,모바일앱,1,1656692.3037288429,1683017.825267548
2023-02-28,태블릿,대전,온라인,7,766280.538004832,5449199.354644773
2023-02-28,스마트워치,대구,온라인,1,868428.8204304038,882228.5112755994
2023-02-28,노트북,광주,모바일앱,7,746002.9556993784,5305000.744693991
2023-02-28,스마트워치,울산,모바일앱,1,261648.79555158663,265806.5024398037
2023-03-01,노트북,인천,오프라인,5,593202.2144902451,3013954.8130744095
2023-03-01,이어폰,부산,오프라인,4,1080695.1527135503,4392655.694700886
2023-03-01,노트북,서울,오프라인,9,1313335.455961001,12011082.426146349
2023-03-01,노트북,서울,온라인,10,775872.1279363419,7884136.226070938
2023-03-01,이어폰,대전,오프라인,7,1581509.424197555,11249514.843956472
2023-03-01,스마트워치,울산,온라인,10,853837.1100770312,8676388.606234819
2023-03-01,태블릿,대구,온라인,4,1108371.6950268238,4505151.360936427
2023-03-01,태블릿,광주,온라인,10,1355136.7528497947,13770417.031013394
2023-03-01,스마트폰,세종,모바일앱,5,743805.610398517,3779143.8479015063
2023-03-01,이어폰,서울,모바일앱,6,133224.4001003097,812267.342419806
2023-03-02,노트북,세종,온라인,2,200915.09022357338,408435.6080709355
2023-03-02,이어폰,서울,온라인,8,1483851.540781529,12065948.967231719
2023-03-02,태블릿,대구,모바일앱,2,1898693.3396033212,3859809.4739333265
2023-03-02,이어폰,광주,온라인,2,1016982.1327095422,2067399.2944396718
2023-03-02,노트북,세종,온라인,4,650947.6924769967,2646592.8099612687
2023-03-02,태블릿,세종,온라인,4,752283.8988671852,3058600.83813398
2023-03-02,노트북,세종,모바일앱,2,468434.37656331307,952269.3353698035
2023-03-02,스마트폰,세종,모바일앱,3,580339.6223034118,1769638.3551334173
2023-03-02,스마트워치,광주,온라인,1,1194894.7366599764,1214536.8419201404
2023-03-02,스마트폰,광주,오프라인,8,257792.4272009798,2096240.8874863232
2023-03-03,태블릿,부산,모바일앱,5,1148298.7224814557,5837447.341272168
2023-03-03,스마트폰,서울,온라인,8,1677872.5738516802,13647309.855481831
2023-03-03,스마트폰,울산,온라인,2,465235.8993038346,946022.1492145371
2023-03-03,스마트폰,세종,모바일앱,10,1914454.5747329844,19464495.689956456
2023-03-03,스마트폰,대전,오프라인,9,777011.1801945089,7109971.61844285
2023-03-03,태블릿,울산,모바일앱,9,1247331.787413283,11413598.456935957
2023-03-03,태블릿,대구,오프라인,2,341265.78098809713,693938.2538338787
2023-03-03,노트북,대구,온라인,9,1282878.982274541,11738869.898352712
2023-03-03,노트북,세종,온라인,7,663025.6833311128,4718744.705723923
2023-03-03,이어폰,광주,모바일앱,4,111436.87354895193,453196.9728659295
2023-03-04,태블릿,대구,오프라인,3,1772468.6283706499,5407728.943982344
2023-03-04,노트북,부산,온라인,9,1232279.5124281917,11278902.452383844
2023-03-04,스마트폰,부산,오프라인,6,1380615.6989360785,8424403.519645024
2023-03-04,노트북,대전,오프라인,7,1418744.565390785,10099906.517017579
2023-03-04,스마트폰,세종,온라인,1,1468083.7746921075,1493021.0881252338
2023-03-04,스마트폰,대구,모바일앱,10,1862151.6097179914,18937826.781570368
2023-03-04,스마트폰,대구,온라인,4,577763.8032666375,2350311.4933980913
2023-03-04,노트북,대전,모바일앱,7,444337.75111302204,3163197.842444045
2023-03-04,노트북,부산,온라인,10,364026.39512130845,3702098.5717542386
2023-03-04,스마트워치,서울,온라인,6,185254.514190416,1130407.819191492
2023-03-05,이어폰,울산,온라인,7,1806288.7050810931,12862260.201030873
2023-03-05,스마트폰,세종,오프라인,9,445787.2856543781,4081335.26704448
2023-03-05,노트북,대구,모바일앱,9,1172327.1761525592,10733056.77958632
2023-03-05,노트북,부산,온라인,1,1905181.0788673614,1938065.026256031
2023-03-05,태블릿,광주,오프라인,5,370896.3442203762,1886490.583685283
2023-03-05,스마트폰,대전,오프라인,2,101425.4345321583,206352.13063994725
2023-03-05,스마트워치,부산,모바일앱,3,784651.0357009552,2394582.9826501203
2023-03-05,스마트워치,부산,오프라인,1,245303.90011176132,249537.91263423828
2023-03-05,노트북,부산,오프라인,7,837035.3072007052,5960379.3614941165
2023-03-05,태블릿,광주,모바일앱,9,1125330.9278332754,10302790.031617688
2023-03-06,노트북,세종,모바일앱,8,456953.04199985,3719722.954493026
2023-03-06,스마트폰,대구,모바일앱,8,1986531.6813698323,16170912.141605604
2023-03-06,이어폰,서울,오프라인,1,1073071.8159272564,1091887.3217407754
2023-03-06,태블릿,서울,오프라인,6,1389805.304591407,8485046.96096299
2023-03-06,노트북,서울,온라인,1,438692.2177751509,446384.35529230424
2023-03-06,태블릿,울산,오프라인,9,1281713.810371176,11737689.267251214
2023-03-06,스마트워치,세종,오프라인,8,1941732.09454639,15806231.231003381
2023-03-06,이어폰,광주,모바일앱,6,336466.5567170075,2054197.4657210398
2023-03-06,이어폰,인천,온라인,3,266286.61025378073,812867.236013048
2023-03-06,태블릿,광주,모바일앱,7,1887939.5549930446,13447302.068687446
2023-03-07,노트북,울산,모바일앱,10,903749.1613463177,9198433.24493581
2023-03-07,노트북,대전,모바일앱,3,173395.4417566979,529449.9173639447
2023-03-07,스마트워치,울산,온라인,3,377843.4542586617,1153716.519921311
2023-03-07,태블릿,서울,온라인,2,1777295.6120893597,3617892.1637873813
2023-03-07,이어폰,인천,오프라인,1,1745079.4417238298,1776156.198905213
2023-03-07,스마트워치,서울,오프라인,4,1764483.583126196,7183623.57404254
2023-03-07,이어폰,대전,오프라인,2,1351447.3119763355,2751028.3638312803
2023-03-07,스마트워치,대구,오프라인,6,777097.8560246084,4745619.509805074
2023-03-07,노트북,울산,모바일앱,10,1128753.577349908,11488546.684533995
2023-03-07,노트북,인천,온라인,10,1757866.5987786618,17891710.724555418
2023-03-08,노트북,대구,모바일앱,9,1300142.3949140592,11912866.37137145
2023-03-08,스마트워치,울산,모바일앱,6,651817.4608821035,3981622.4952951726
2023-03-08,이어폰,인천,모바일앱,8,932598.6433120723,7595696.566679804
2023-03-08,스마트워치,인천,오프라인,1,1459236.0286406346,1485622.2143639994
2023-03-08,스마트워치,대구,온라인,6,475806.52962153516,2906460.927244314
2023-03-08,이어폰,대구,온라인,3,761894.931422236,2327014.9850671473
2023-03-08,스마트폰,서울,모바일앱,4,1351869.6745695183,5505257.765151046
2023-03-08,노트북,광주,오프라인,8,729946.0809554195,5945160.847847317
2023-03-08,이어폰,대전,모바일앱,10,254383.77273044296,2589835.888948838
2023-03-08,스마트폰,울산,온라인,1,133339.50680817536,135750.57734224098
2023-03-09,노트북,인천,온라인,7,231941.23372478082,1653391.495968513
2023-03-09,태블릿,대전,오프라인,6,1290295.6503504778,7883883.176470235
2023-03-09,스마트폰,광주,온라인,7,1665143.8940140542,11869966.84338402
2023-03-09,이어폰,세종,오프라인,4,826632.009405201,3367223.2098182268
2023-03-09,스마트워치,인천,온라인,4,291985.22108364885,1189379.7991977236
2023-03-09,노트북,대구,온라인,4,872968.692175112,3555972.1959615247
2023-03-09,스마트워치,대전,모바일앱,3,1487846.8015091538,4545473.885925637
2023-03-09,스마트워치,울산,모바일앱,9,1895049.927260008,17368521.977158643
2023-03-09,이어폰,인천,모바일앱,1,476326.6752191602,485070.2059697585
2023-03-09,스마트폰,인천,온라인,10,1765804.3097744128,17982177.03953834
2023-03-10,태블릿,대전,오프라인,1,1208390.4890282217,1230902.9693717612
2023-03-10,이어폰,대전,모바일앱,4,1260178.5033857115,5134623.206123918
2023-03-10,태블릿,세종,모바일앱,7,1184008.1647054537,8442464.79304771
2023-03-10,이어폰,울산,모바일앱,1,553553.5501256675,563866.3285937621
2023-03-10,태블릿,대구,오프라인,5,833268.6466973727,4243962.778658673
2023-03-10,노트북,대전,모바일앱,10,1817659.6440616578,18515228.92224998
2023-03-10,태블릿,세종,온라인,1,419887.83638726035,427710.4042980367
2023-03-10,스마트워치,대구,오프라인,3,663481.9456532497,2027528.1155661226
2023-03-10,태블릿,대구,온라인,2,1872342.4219173205,3814448.835445807
2023-03-10,노트북,인천,모바일앱,10,1015312.8850352846,10342283.031674488
2023-03-11,스마트워치,대구,온라인,9,1512870.8617296286,13873233.044644492
2023-03-11,스마트워치,울산,오프라인,7,740991.3256078887,5284993.747821963
2023-03-11,태블릿,대구,오프라인,1,1160392.0559277434,1182328.2345192542
2023-03-11,태블릿,부산,오프라인,7,1417079.8915639932,10107079.675913816
2023-03-11,스마트워치,서울,온라인,5,644928.7599662519,3285602.8196088914
2023-03-11,태블릿,울산,모바일앱,10,667769.5964872325,6803931.861194568
2023-03-11,태블릿,울산,오프라인,8,1854316.978091398,15114969.515664456
2023-03-11,스마트폰,세종,모바일앱,1,1371111.4333914332,1397031.074187052
2023-03-11,스마트폰,서울,모바일앱,4,989267.3546699944,4031874.2926221467
2023-03-11,노트북,서울,온라인,6,1774881.4814440808,10850604.212861154
2023-03-12,태블릿,서울,온라인,9,1031506.0967077496,9461595.648705605
2023-03-12,태블릿,울산,온라인,9,1482429.6928105245,13597738.661725031
2023-03-12,스마트폰,광주,모바일앱,6,203540.80470823625,1244665.961941872
2023-03-12,태블릿,서울,온라인,2,1557510.7394571588,3174761.616866099
2023-03-12,이어폰,세종,모바일앱,9,1132191.5293418122,10385143.123935308
2023-03-12,이어폰,세종,온라인,5,952670.4034292495,4854703.973639463
2023-03-12,이어폰,인천,오프라인,7,1124041.0066215284,8019185.702034137
2023-03-12,태블릿,대전,온라인,7,1288011.657380772,9188992.755669946
2023-03-12,이어폰,부산,오프라인,3,1242521.5532384247,3799052.2011344717
2023-03-12,이어폰,인천,오프라인,6,1322383.5564577247,8086466.021955183
2023-03-13,이어폰,인천,온라인,5,484492.6623306736,2469585.200729365
2023-03-13,스마트폰,세종,오프라인,6,1071664.0324082114,6555060.599327596
2023-03-13,이어폰,세종,오프라인,2,1412601.5302560227,2880159.0652507725
2023-03-13,태블릿,인천,온라인,5,1379152.8965535176,7029901.271336491
2023-03-13,노트북,울산,오프라인,8,290840.628475216,2371984.6105343094
2023-03-13,이어폰,인천,오프라인,7,1085157.3969256622,7743861.566499377
2023-03-13,이어폰,서울,오프라인,6,1630952.150242727,9976065.125018938
2023-03-13,스마트워치,세종,온라인,3,1593385.4893308508,4873140.3335343255
2023-03-13,노트북,울산,오프라인,10,462917.49475249415,4719221.912257618
2023-03-13,스마트폰,부산,온라인,4,1046071.7758825332,4265680.085544006
2023-03-14,스마트폰,인천,오프라인,4,995818.7427534352,4061849.1622227794
2023-03-14,이어폰,광주,오프라인,4,1647916.288253139,6721692.520414448
2023-03-14,이어폰,대전,모바일앱,4,914142.5384609703,3728699.7568786102
2023-03-14,노트북,대전,오프라인,3,1881433.6691351512,5755640.643715918
2023-03-14,이어폰,세종,온라인,2,1268916.4652099805,2587894.292335095
2023-03-14,태블릿,울산,온라인,3,156136.94544888486,477650.7213376023
2023-03-14,태블릿,대전,오프라인,6,208384.9888130729,1274973.5808694642
2023-03-14,이어폰,대구,모바일앱,7,1664956.0343293112,11884593.018744076
2023-03-14,스마트워치,울산,모바일앱,10,1864060.6131923269,19008311.239183128
2023-03-14,이어폰,울산,온라인,10,1059229.7828020514,10801241.785175987
2023-03-15,스마트폰,세종,온라인,10,861369.3486556945,8785967.356288085
2023-03-15,노트북,대구,오프라인,6,1272928.6054313725,7790323.06524
2023-03-15,노트북,인천,오프라인,2,1376837.7957185912,2808749.1032659262
2023-03-15,스마트워치,세종,모바일앱,10,1833559.2953086086,18702304.812147807
2023-03-15,이어폰,광주,모바일앱,4,1823665.0338165811,7440553.337971651
2023-03-15,스마트폰,대전,모바일앱,6,1752521.7428427641,10725433.066197718
2023-03-15,노트북,대전,오프라인,2,1855895.5510694697,3786026.9241817184
2023-03-15,이어폰,인천,모바일앱,3,856977.8181440268,2622352.123520722
2023-03-15,이어폰,부산,오프라인,5,1485979.9283977393,7578497.634828471
2023-03-15,이어폰,서울,모바일앱,3,572523.6522460603,1751922.3758729445
2023-03-16,태블릿,서울,온라인,10,311335.88960904715,3176479.0490523055
2023-03-16,스마트폰,광주,모바일앱,9,1229198.4464678564,11287072.638853883
2023-03-16,태블릿,울산,모바일앱,9,667870.8457472409,6132701.168784802
2023-03-16,태블릿,부산,모바일앱,4,1677348.5151717435,6845420.132054326
2023-03-16,스마트폰,부산,모바일앱,4,675733.4540874488,2757733.0224894895
2023-03-16,스마트워치,울산,모바일앱,2,760422.2485489536,1551678.0567650974
2023-03-16,스마트워치,울산,모바일앱,8,1815922.5031754975,14821907.730028609
2023-03-16,스마트폰,부산,온라인,4,1077133.429505635,4395884.812579709
2023-03-16,노트북,광주,모바일앱,9,1424401.7722206844,13079520.492533823
2023-03-16,노트북,세종,온라인,7,847666.3020135765,6053963.057778059
2023-03-17,스마트폰,대전,모바일앱,8,1940223.8325509927,15840731.564388929
2023-03-17,이어폰,울산,모바일앱,4,1955696.0936521376,7983526.519292288
2023-03-17,스마트폰,광주,온라인,7,251148.47430062926,1794163.4157229885
2023-03-17,이어폰,대구,오프라인,8,1001657.3759077248,8177915.014260329
2023-03-17,스마트워치,인천,모바일앱,7,460779.4352789418,3291732.541068057
2023-03-17,스마트폰,인천,모바일앱,4,1658115.6300434647,6768745.996615788
2023-03-17,스마트폰,부산,오프라인,5,1581568.719992385,8070333.536947445
2023-03-17,노트북,광주,오프라인,10,1699880.4581649872,17348095.086752266
2023-03-17,이어폰,대구,모바일앱,1,952129.1966143077,971693.4951748757
2023-03-17,이어폰,대전,모바일앱,4,1875846.2466377546,7657564.130110286
2023-03-18,스마트폰,인천,온라인,8,1398759.5985348925,11423075.64743235
2023-03-18,노트북,대전,모바일앱,4,906402.0442005368,3701100.292264329
2023-03-18,노트북,인천,오프라인,3,370351.76392858726,1134189.5937517118
2023-03-18,태블릿,세종,온라인,6,196463.57378027117,1203325.9329949978
2023-03-18,스마트폰,광주,온라인,6,571918.9915171814,3502964.65050907
2023-03-18,노트북,인천,모바일앱,8,311262.82789850107,2541951.3353420603
2023-03-18,스마트폰,부산,온라인,7,1783574.1199307682,12744980.875625834
2023-03-18,태블릿,대전,온라인,6,1571099.9604175813,9622879.647971354
2023-03-18,이어폰,대구,모바일앱,4,377047.8725363458,1539594.929392246
2023-03-18,스마트폰,대전,오프라인,1,502923.034492289,513394.85658034764
2023-03-19,이어폰,대구,온라인,9,1569242.636398102,14421124.863753842
2023-03-19,노트북,대전,오프라인,8,1638768.3971840357,13386717.405599782
2023-03-19,태블릿,부산,모바일앱,6,1045684.7172458934,6406466.204671963
2023-03-19,스마트워치,서울,온라인,1,1631665.4871278878,1666086.9234316815
2023-03-19,노트북,부산,온라인,10,1574858.6402540505,16080816.855416017
2023-03-19,이어폰,부산,모바일앱,2,570062.492608206,1164176.9369593335
2023-03-19,스마트워치,부산,오프라인,10,369935.6746953023,3777397.971477785
2023-03-19,스마트워치,광주,오프라인,4,521272.42928685556,2129076.5413173814
2023-03-19,노트북,대전,온라인,2,1133636.3445447646,2315102.8252703217
2023-03-19,이어폰,광주,오프라인,1,1187458.3378947994,1212508.8288586074
2023-03-20,노트북,부산,모바일앱,5,259252.50511991273,1323963.4782014175
2023-03-20,이어폰,광주,오프라인,10,333059.3379458402,3401767.70373176
2023-03-20,태블릿,세종,오프라인,1,1485039.8012228329,1516774.898344855
2023-03-20,스마트워치,부산,모바일앱,2,874747.5914523154,1786881.6553064287
2023-03-20,태블릿,울산,모바일앱,3,1644861.3033603951,5040035.292269222
2023-03-20,스마트폰,부산,온라인,7,1324960.4451010022,9472922.678179659
2023-03-20,노트북,부산,온라인,2,435679.28805071115,889979.3895085213
2023-03-20,스마트워치,서울,모바일앱,10,889704.0314819041,9087168.84757408
2023-03-20,이어폰,대전,온라인,9,1049317.5830945782,9645672.204928573
2023-03-20,스마트워치,광주,모바일앱,8,1008554.0962517116,8240854.073044123
2023-03-21,노트북,대구,모바일앱,5,1248766.9335749932,6378975.19904267
2023-03-21,스마트폰,광주,모바일앱,1,1526586.4181159232,1559627.6036039116
2023-03-21,태블릿,인천,온라인,8,1695955.830317473,13861302.556172837
2023-03-21,스마트폰,대구,모바일앱,2,1665963.7145874,3404043.1187377614
2023-03-21,스마트워치,부산,온라인,5,109587.06875165201,559794.7662670005
2023-03-21,태블릿,부산,모바일앱,2,428997.70380767714,876565.71917744
2023-03-21,이어폰,대전,온라인,8,1804991.6697349125,14752468.901789565
2023-03-21,스마트폰,서울,온라인,3,726693.1337974962,2227264.681587011
2023-03-21,스마트워치,인천,모바일앱,1,1068664.869847097,1091794.87661913
2023-03-21,스마트워치,부산,오프라인,2,539148.2792897166,1101635.0320390977
2023-03-22,이어폰,부산,모바일앱,10,1467234.3730086805,14993929.346088707
2023-03-22,태블릿,광주,오프라인,8,1787975.9135887863,14617315.414106678
2023-03-22,이어폰,세종,온라인,7,1197359.3681719785,8565220.028211055
2023-03-22,태블릿,서울,모바일앱,4,1450764.1248073082,5930246.778664393
2023-03-22,이어폰,울산,온라인,8,1324221.4172007623,10825963.586101573
2023-03-22,태블릿,대전,온라인,9,1888424.8395927274,17368334.757569276
2023-03-22,이어폰,광주,오프라인,8,1032260.932729588,8439086.63908244
2023-03-22,노트북,광주,오프라인,10,1259160.046346576,12867580.747596515
2023-03-22,이어폰,광주,오프라인,1,406995.42933408386,415915.87710031035
2023-03-22,스마트워치,대구,온라인,5,999996.0525392464,5109568.871193683
2023-03-23,스마트워치,광주,오프라인,1,1136166.0321603625,1161379.5797233733
2023-03-23,노트북,광주,온라인,6,943611.6761358972,5787312.597802245
2023-03-23,이어폰,인천,온라인,1,335240.80733711703,342680.3978561051
2023-03-23,이어폰,대전,온라인,9,963593.5248336799,8864796.430243872
2023-03-23,스마트워치,대전,오프라인,7,605331.7301247285,4331355.8344294615
2023-03-23,스마트폰,울산,모바일앱,2,436584.7297146962,892546.6446934419
2023-03-23,태블릿,인천,오프라인,5,1602202.6565579239,8188791.93372276
2023-03-23,스마트워치,대전,온라인,1,1775289.212250025,1814686.0413437928
2023-03-23,태블릿,광주,모바일앱,5,951187.4487573099,4861479.960703457
2023-03-23,태블릿,서울,오프라인,8,1879400.7563267257,15368864.047901401
2023-03-24,스마트워치,부산,온라인,1,1164319.5513832013,1190476.867332084
2023-03-24,노트북,인천,오프라인,5,1876792.3003313767,9594779.266899588
2023-03-24,스마트워치,광주,온라인,8,470496.55788328755,3848532.940318749
2023-03-24,태블릿,울산,온라인,7,1789712.2630089014,12809436.481875215
2023-03-24,스마트폰,서울,모바일앱,5,898001.0326313197,4590876.512027514
2023-03-24,이어폰,대전,오프라인,6,1432167.8788738274,8786055.65581993
2023-03-24,이어폰,부산,오프라인,6,1494034.1336209015,9165592.416449104
2023-03-24,태블릿,울산,온라인,8,1131571.9131743778,9255948.23006417
2023-03-24,태블릿,울산,모바일앱,3,1826597.3022900005,5602899.560668177
2023-03-24,태블릿,세종,오프라인,4,916228.0834647735,3747247.3506745584
2023-03-25,노트북,부산,모바일앱,2,341154.17404416954,697823.8529900739
2023-03-25,이어폰,서울,모바일앱,8,621465.8854470076,5084782.79533957
2023-03-25,태블릿,인천,오프라인,8,1663254.858357331,13608614.545200912
2023-03-25,이어폰,울산,온라인,5,812006.2728157289,4152355.3649604325
2023-03-25,태블릿,울산,모바일앱,6,1019571.4605174059,6256537.417169549
2023-03-25,스마트폰,대구,온라인,3,955812.150297084,2932641.1701854914
2023-03-25,스마트폰,대전,오프라인,5,248889.6432931028,1272746.6279632228
2023-03-25,태블릿,서울,모바일앱,8,1482284.825335052,12127932.609261915
2023-03-25,태블릿,부산,오프라인,2,1367382.7109464696,2796953.238335984
2023-03-25,노트북,세종,오프라인,9,1910428.4891895666,17584839.986658044
2023-03-26,이어폰,서울,모바일앱,6,1245003.5533349197,7641934.139428915
2023-03-26,노트북,서울,오프라인,9,543454.1187044348,5003649.072104448
2023-03-26,태블릿,세종,모바일앱,9,380279.8244307644,3501283.2273480194
2023-03-26,노트북,인천,오프라인,6,535483.5268714484,3286841.900281625
2023-03-26,스마트폰,부산,오프라인,6,395012.8342989596,2424621.243735313
2023-03-26,노트북,대전,오프라인,7,1548663.0678697096,11090124.730953006
2023-03-26,이어폰,울산,온라인,5,111648.58182726928,571090.1432096213
2023-03-26,이어폰,인천,온라인,3,380562.4325645168,1167961.7450925251
2023-03-26,태블릿,광주,온라인,7,1633786.2530710457,11699700.022676986
2023-03-26,이어폰,세종,오프라인,6,1305592.4873807144,8013833.996514391
2023-03-27,이어폰,서울,오프라인,3,492695.33624012326,1512507.1897453647
2023-03-27,스마트워치,울산,온라인,9,1992374.661999815,18348951.852910623
2023-03-27,이어폰,대구,오프라인,3,1864464.3651724702,5723650.195002062
2023-03-27,노트북,광주,오프라인,4,852709.7913225618,3490269.6663997457
2023-03-27,스마트폰,인천,온라인,9,1873166.6462234103,17251095.01720546
2023-03-27,노트북,울산,온라인,4,318762.2687270249,1304741.998570343
2023-03-27,이어폰,대전,오프라인,8,1489556.5854659372,12193959.116088275
2023-03-27,스마트워치,세종,모바일앱,6,772496.8799675737,4742919.20002009
2023-03-27,태블릿,인천,온라인,4,890197.875920992,3643714.0455505806
2023-03-27,태블릿,세종,오프라인,8,244559.2255367417,2002035.5230240661
2023-03-28,노트북,부산,온라인,2,1886864.9826147784,3862645.246602089
2023-03-28,스마트워치,대구,오프라인,1,204503.028145144,209321.45565760494
2023-03-28,이어폰,울산,온라인,3,1853084.972357909,5690240.101421217
2023-03-28,스마트워치,울산,온라인,9,365775.5649516544,3369544.5468313503
2023-03-28,이어폰,울산,모바일앱,3,781490.369023867,2399710.7002793155
2023-03-28,태블릿,대전,오프라인,10,239879.99549575185,2455319.625129121
2023-03-28,스마트폰,세종,온라인,4,1899286.9648599362,7776149.151470381
2023-03-28,스마트워치,대전,모바일앱,1,282690.5807238702,289351.23550256965
2023-03-28,노트북,부산,오프라인,5,1914410.3538647343,9797585.04388856
2023-03-28,이어폰,인천,오프라인,6,1788103.890922473,10981407.34764881
2023-03-29,스마트워치,서울,오프라인,5,1443363.2635639897,7388833.583477574
2023-03-29,스마트워치,세종,모바일앱,2,1883607.972985861,3857009.860300363
2023-03-29,스마트워치,광주,온라인,8,1845765.355993948,15118082.488437004
2023-03-29,노트북,대전,모바일앱,2,1338468.255056312,2740742.9419975006
2023-03-29,스마트워치,세종,모바일앱,5,1867753.4286002899,9561362.414629154
2023-03-29,스마트워치,세종,온라인,2,1104907.2958441484,2262486.8846956617
2023-03-29,스마트폰,서울,모바일앱,5,1827544.2621951303,9355524.53126466
2023-03-29,스마트워치,인천,온라인,1,794197.9281409725,813128.1253322779
2023-03-29,노트북,대구,모바일앱,1,1685724.4503017291,1725904.73171988
2023-03-29,이어폰,대구,오프라인,1,322797.21695057256,330491.28760117525
2023-03-30,이어폰,광주,모바일앱,3,1200995.5024639268,3689853.0314056096
2023-03-30,노트북,인천,오프라인,1,417190.43540356687,427248.7253530227
2023-03-30,태블릿,울산,오프라인,7,1782727.6661959637,12779959.483200982
2023-03-30,이어폰,세종,온라인,4,312016.16431185836,1278154.9832303852
2023-03-30,스마트워치,대전,온라인,2,1874087.4297206833,3838541.814956665
2023-03-30,태블릿,부산,온라인,7,356180.61177728424,2553375.8596614846
2023-03-30,스마트폰,광주,모바일앱,8,1573112.2945319682,12888315.083749034
2023-03-30,스마트워치,대전,온라인,10,458747.89198117197,4698081.151303071
2023-03-30,이어폰,대구,온라인,1,1049343.0072662376,1074642.2359345742
2023-03-30,스마트워치,부산,온라인,8,532673.2391485013,4364126.176300488
2023-03-31,태블릿,울산,오프라인,7,151240.52741544723,1084498.170971096
2023-03-31,노트북,서울,모바일앱,5,1899951.5968127982,9731395.918469936
2023-03-31,이어폰,광주,오프라인,6,1077165.404115385,6620583.198883438
2023-03-31,스마트폰,서울,온라인,8,723163.2998633762,5926372.774113236
2023-03-31,이어폰,세종,모바일앱,2,1072786.4443864906,2197889.59756772
2023-03-31,이어폰,울산,오프라인,7,445486.04607411684,3194440.077780236
2023-03-31,태블릿,서울,오프라인,6,382879.93883546663,2353295.4925574954
2023-03-31,스마트폰,광주,온라인,2,1470672.706616679,3013065.890432747
2023-03-31,노트북,대구,온라인,10,1663211.341687212,17037663.579639688
2023-03-31,노트북,인천,오프라인,7,1956706.058992303,14030922.65260426
2023-04-01,스마트폰,대구,온라인,7,1359516.220312648,9751269.766516473
2023-04-01,태블릿,세종,오프라인,1,1572705.1334221873,1611484.1641093097
2023-04-01,스마트워치,서울,온라인,10,1777544.5606091525,18213744.264871866
2023-04-01,태블릿,대전,모바일앱,3,1542792.61837079,4742502.240580894
2023-04-01,스마트폰,대구,온라인,9,1652543.760804877,15239622.736627989
2023-04-01,스마트폰,부산,오프라인,4,1207463.8574576618,4948947.755497704
2023-04-01,노트북,대구,오프라인,5,1909655.1666098381,9783712.771398349
2023-04-01,스마트폰,인천,온라인,6,1548966.0726770181,9522958.53996501
2023-04-01,스마트폰,부산,온라인,5,270187.4514196864,1384248.0387803111
2023-04-01,노트북,서울,온라인,4,1998472.3501614989,8190999.00230576
2023-04-02,노트북,대전,온라인,10,328582.8072940131,3367748.718046309
2023-04-02,스마트폰,대구,모바일앱,9,148537.3911652114,1370165.8693538362
2023-04-02,스마트워치,부산,온라인,3,1775029.0843611087,5457849.702406772
2023-04-02,노트북,부산,온라인,3,739271.2900537055,2273107.311855544
2023-04-02,태블릿,서울,온라인,9,966442.5682740043,8914836.940059574
2023-04-02,스마트폰,광주,모바일앱,6,1523560.298952739,9369269.717888542
2023-04-02,이어폰,서울,모바일앱,6,620490.6771938938,3815762.6685737367
2023-04-02,스마트폰,인천,모바일앱,7,1945785.7247625494,13960079.664207364
2023-04-02,스마트폰,광주,모바일앱,8,1362070.8166240135,11168234.356143417
2023-04-02,태블릿,서울,오프라인,10,300938.6738448346,3084415.284530209
2023-04-03,스마트워치,부산,온라인,3,595972.6419126953,1832983.2542772377
2023-04-03,스마트폰,울산,온라인,9,1436357.254285047,13253051.94789365
2023-04-03,스마트워치,대구,오프라인,3,217059.77715152464,667592.618713155
2023-04-03,노트북,광주,온라인,1,1928694.2954902586,1977307.9599245337
2023-04-03,노트북,울산,모바일앱,5,278591.44198184577,1428067.3642411877
2023-04-03,이어폰,울산,오프라인,5,1649956.0216570043,8457719.77128837
2023-04-03,노트북,광주,오프라인,9,693379.2023037883,6397705.417859448
2023-04-03,스마트폰,광주,오프라인,9,1754190.2083969484,16185648.722847242
2023-04-03,스마트폰,광주,모바일앱,6,775933.2569252949,4772946.160133348
2023-04-03,태블릿,대구,온라인,10,887578.0497242835,9099498.800187038
2023-04-04,태블릿,대구,온라인,10,882438.2404648374,9049222.833040785
2023-04-04,노트북,대전,온라인,5,409872.7379082344,2101580.353411673
2023-04-04,태블릿,대전,오프라인,9,786919.4141971226,7262727.207139307
2023-04-04,이어폰,서울,모바일앱,5,469167.80310618784,2405609.708255426
2023-04-04,스마트워치,서울,오프라인,7,623348.3638733167,4474616.57036843
2023-04-04,태블릿,서울,모바일앱,10,1229842.7801680805,12611785.003203083
2023-04-04,태블릿,서울,온라인,5,1450254.657673369,7436031.758454
2023-04-04,스마트폰,세종,모바일앱,8,1343565.8144372958,11022393.081509694
2023-04-04,스마트워치,울산,온라인,10,1766755.2844827452,18117712.41046278
2023-04-04,노트북,울산,오프라인,8,403146.50465204334,3307347.6535070646
2023-04-05,스마트워치,세종,온라인,4,488891.08112038404,2005926.8029750332
2023-04-05,이어폰,세종,모바일앱,1,143282.71616868483,146972.7368042619
2023-04-05,스마트폰,서울,모바일앱,1,1256894.008459259,1289263.3336086208
2023-04-05,노트북,인천,오프라인,10,1580041.7963776113,16207332.83736377
2023-04-05,스마트폰,부산,온라인,6,376798.8069006981,2319015.9995115837
2023-04-05,스마트워치,울산,오프라인,5,507037.9730392852,2600479.6863823063
2023-04-05,이어폰,부산,온라인,7,1522304.9470692608,10930566.589805802
2023-04-05,스마트워치,대구,오프라인,9,456474.29500657145,4214070.642340118
2023-04-05,스마트워치,부산,오프라인,2,1785198.3278799672,3662346.59703156
2023-04-05,이어폰,세종,모바일앱,1,1048628.1278779062,1075633.893362981
2023-04-06,이어폰,대구,모바일앱,3,1888013.887364741,5811461.9245322915
2023-04-06,스마트폰,울산,오프라인,4,1016164.5384024603,4170450.6261010566
2023-04-06,이어폰,울산,오프라인,5,725519.647352484,3722015.1771713053
2023-04-06,스마트폰,인천,모바일앱,5,542000.3891777114,2780536.2431103145
2023-04-06,이어폰,부산,모바일앱,4,1522858.8310307153,6249979.531189073
2023-04-06,스마트폰,세종,온라인,5,217118.43321786908,1113847.3046587943
2023-04-06,태블릿,인천,모바일앱,5,1192606.4781154462,6118234.6034826655
2023-04-06,노트북,대전,오프라인,7,343247.4748376105,2465269.1925665643
2023-04-06,노트북,대전,온라인,7,435777.05938804825,3129834.414207585
2023-04-06,태블릿,서울,오프라인,6,453771.8172988461,2793493.899919198
2023-04-07,스마트워치,세종,오프라인,3,1663402.1715736473,5121455.781957438
2023-04-07,이어폰,울산,온라인,5,894052.3277611741,4587835.6435525445
2023-04-07,태블릿,서울,오프라인,10,1714937.1501689898,17600423.464474067
2023-04-07,스마트워치,울산,온라인,2,1353703.5034626252,2778615.519984106
2023-04-07,스마트폰,인천,모바일앱,4,1429947.6057662545,5870228.746520975
2023-04-07,노트북,울산,온라인,2,228894.3896359925,469829.251274755
2023-04-07,스마트폰,세종,모바일앱,4,841796.1966795422,3455746.359190756
2023-04-07,스마트폰,광주,모바일앱,10,1466991.941565344,15055758.392065147
2023-04-07,노트북,세종,온라인,3,1180669.2184644935,3635167.30879561
2023-04-07,스마트워치,인천,오프라인,6,134566.63301835212,828635.5188275294
2023-04-08,태블릿,서울,모바일앱,7,1851967.4184744915,13308288.607991077
2023-04-08,이어폰,대구,모바일앱,7,918037.0756367204,6597039.577226175
2023-04-08,이어폰,대구,오프라인,7,498326.3532212968,3580986.827025039
2023-04-08,노트북,울산,오프라인,4,848255.4520935118,3483192.524925357
2023-04-08,노트북,인천,오프라인,3,1264417.3591980112,3894059.050615025
2023-04-08,스마트폰,세종,온라인,7,1211224.052116743,8703889.222731521
2023-04-08,스마트폰,울산,오프라인,5,1444987.0217756305,7416940.233689434
2023-04-08,노트북,울산,모바일앱,6,102581.62557571061,631846.6044364728
2023-04-08,태블릿,대구,오프라인,2,1211720.7961034405,2487845.3824655293
2023-04-08,이어폰,부산,모바일앱,6,552633.5515573074,3403919.86468805
2023-04-09,노트북,대전,오프라인,2,1838263.772238957,3775239.790877595
2023-04-09,태블릿,대구,온라인,2,789153.9302967137,1620684.3456175798
2023-04-09,이어폰,인천,모바일앱,10,1310624.9012981807,13458142.822097482
2023-04-09,노트북,부산,오프라인,8,1462337.961798571,12012805.875772152
2023-04-09,태블릿,광주,온라인,6,1426715.342460816,8790130.033221599
2023-04-09,태블릿,대전,모바일앱,7,751593.4076703433,5402412.231134008
2023-04-09,이어폰,울산,모바일앱,9,212483.79792843363,1963699.5812936777
2023-04-09,스마트폰,부산,오프라인,6,1299541.0501175341,8006597.023299482
2023-04-09,스마트워치,세종,모바일앱,1,266160.74768088176,273306.9814542315
2023-04-09,이어폰,대전,온라인,3,1362294.1485435038,4196612.440061139
2023-04-10,태블릿,광주,모바일앱,5,1798607.3136795084,9236957.286280105
2023-04-10,이어폰,울산,온라인,1,324070.8588419083,332860.72597214085
2023-04-10,스마트워치,서울,모바일앱,10,698230.0114186455,7171683.048790416
2023-04-10,이어폰,광주,모바일앱,7,960398.8209441145,6905135.961105862
2023-04-10,스마트워치,세종,오프라인,10,950134.8346150061,9759056.150607282
2023-04-10,노트북,광주,온라인,7,206726.14516974962,1486332.6651204764
2023-04-10,노트북,인천,오프라인,3,1243105.7747382338,3830468.6708166893
2023-04-10,이어폰,서울,온라인,5,689325.1943926275,3540109.799695836
2023-04-10,스마트워치,세종,오프라인,1,1462692.6501371518,1502365.6836614197
2023-04-10,이어폰,부산,모바일앱,9,1592065.748006521,14717230.247530965
